Thread Title,Upvotes,Comments,Asker,Comment Karma,Post Karma,Link,Thread Category,Thread Member count,Date of Post
"ChatGPT vs stack overflow, will using ChatGPT make me a worse programmer if I’m stuck on a problem for a while?",0,18,pyr00t,124,328,https://www.reddit.com/r/AskProgramming/comments/139ep2w/chatgpt_vs_stack_overflow_will_using_chatgpt_make/,r/AskProgramming,152K,Mar-23
Is ChatGPT going to be the death of StackOverflow?,227,265,TheRealMichaelE,19804,18080,https://www.reddit.com/r/OpenAI/comments/1aq9mze/is_chatgpt_going_to_be_the_death_of_stackoverflow/,r/OpenAI,2M,14-Feb-24
ChatGPT is now more important than StackOverflow,3,19,Pol,561,159,https://www.reddit.com/r/ProgrammerHumor/comments/zj8pdd/chatgpt_is_now_more_important_than_stackoverflow/,r/ProgrammerHumor,4M,Dec-22
Stackoverflow vs. ChatGPT vs GitHub Copilot,2,11,lezzgooooo,8205,640,https://www.reddit.com/r/PinoyProgrammer/comments/16v2sdz/stackoverflow_vs_chatgpt_vs_github_copilot/,r/PinoyProgrammer,241K,Sep-23
Does Anyone Still Use Stack Overflow? Or Has the Developer Community Moved On?,188,157,mooooner,7149,2885,https://www.reddit.com/r/computerscience/comments/1fri2jt/does_anyone_still_use_stack_overflow_or_has_the/,r/computerscience,481K,28-Sep-24
StackOverflow vs ChatGPT according to google trends.,26,4,Saitama,28070,60174,https://www.reddit.com/r/ChatGPT/comments/12dsdoj/stackoverflow_vs_chatgpt_according_to_google/,r/ChatGPT,8M,Apr-23
Can ChatGPT outdate Stack Overflow?,0,27,ianovich2,24,70,https://www.reddit.com/r/programminghorror/comments/114byi7/can_chatgpt_outdate_stack_overflow/,r/programminghorror,353K,Feb-23
Do you still post questions on stackoverflow ever since chatgpt came out?,0,48,sudo10,32,118,https://www.reddit.com/r/programming/comments/167cfil/do_you_still_post_questions_on_stackoverflow_ever/,r/programming,6.6M,Sep-23
ChatGPT vs StackOverflow Which is best,3,8,saffronfan,1209,10244,https://www.reddit.com/r/ChatGPT/comments/15u31dr/chatgpt_vs_stackoverflow_which_is_best/?rdt=40700,r/ChatGPT,8M,Aug-23
"Programmers, Has the rise of GPT-based tools decreased your reliance on Stack Overflow?",28,54,GradleDaemonSlayer,786,1419,https://www.reddit.com/r/OpenAI/comments/10ipcc7/programmers_has_the_rise_of_gptbased_tools/,r/OpenAI,2M,Jan-23
have any programmers here switched from using stackoverflow to chatGPT?,59,61,Deleted,-,-,https://www.reddit.com/r/ChatGPT/comments/11kr1v7/have_any_programmers_here_switched_from_using/,r/ChatGPT,8M,Mar-23
Stackoverflow vs ChatGPT what you guys using the most these days,0,19,Deleted,-,-,https://www.reddit.com/r/developersIndia/comments/1ef6szf/stackoverflow_vs_chatgpt_what_you_guys_using_the/,r/developersIndia,982K,29-Jul-24
Do you still use stack overflow?,88,181,Mr D,273,112,https://www.reddit.com/r/webdev/comments/1am0hi4/do_you_still_use_stack_overflow/,r/webdev,2.7M,8-Feb-24
What's your level of interaction with Stackoverflow these days?,325,199,ryhaltswhiskey,"518,422","115,798",https://www.reddit.com/r/ExperiencedDevs/comments/1gaor27/whats_your_level_of_interaction_with/,r/ExperiencedDevs,237K,24-Oct-24
Will Stackoverflow die? What is your take on this?,379,101,Kaushit,34,281,https://www.reddit.com/r/developersIndia/comments/1gkvho9/will_stackoverflow_die_what_is_your_take_on_this/,r/developersIndia,984K,6-Nov-24
ChatGPT was trained on Stackoverflow data and is now putting Stackoverflow out of business.,690,424,Notalabel_4566,882,"337,551",https://www.reddit.com/r/webdev/comments/15ai8ah/chatgpt_was_trained_on_stackoverflow_data_and_is/,r/webdev,2.7M,Jul-23
ChatGPT is putting Stack Overflow out of business traffic is down over 50%,1600,419,saffronfan,1209,10244,https://www.reddit.com/r/ChatGPT/comments/15ju114/chatgpt_is_putting_stack_overflow_out_of_business/,r/ChatGPT,8M,Aug-23
StackOverflow to ban ChatGPT generated answers with possibly immediate suspensions of up to 30 days to users without prior notice or warning,6700,798,3urny,"24,406","19,482",https://www.reddit.com/r/programming/comments/zhpkk1/stackoverflow_to_ban_chatgpt_generated_answers/?rdt=65240,r/programming,6.6M,Dec-22
ChatGPT AI Generated Answers Banned On Stack Overflow,1500,433,Deleted,-,-,https://www.reddit.com/r/programming/comments/zd71vl/chatgpt_ai_generated_answers_banned_on_stack/?rdt=54548,r/programming,6.6M,Dec-22
I’ve Been Using ChatGPT to Answer Questions on Stack Overflow,113,39,andrews1022,272,"12,304",https://www.reddit.com/r/webdev/comments/zcq7yx/ive_been_using_chatgpt_to_answer_questions_on/,r/webdev,2.7M,Dec-22
StackOverflow bans AI generated coding answers by ChatGPT,228,60,horovits,57,1343,https://www.reddit.com/r/devops/comments/zdk5a1/stackoverflow_bans_ai_generated_coding_answers_by/,r/devops,358K,Dec-22
,,,,,,,,,
